Date,Time,Round,Day,Venue,Result,GF,GA,Opponent,Gls,Sh,SoT,SoT%,G/Sh,G/SoT,Dist,FK,PK,PKatt,xG,npxG,npxG/Sh,G-xG,np:G-xG,Match Report
18/08/2024,14:00,Matchweek 1,Sun,Away,L,1,2,Brentford,0,14,6,42.9,0,0,19.2,1,0,0,1.2,1.2,0.08,-1.2,-1.2,Match Report
24/08/2024,15:00,Matchweek 2,Sat,Home,L,0,2,West Ham,0,14,2,14.3,0,0,19.5,0,0,0,1.3,1.3,0.1,-1.3,-1.3,Match Report
01/09/2024,13:30,Matchweek 3,Sun,Away,D,1,1,Chelsea,1,9,3,33.3,0.11,0.33,20.6,1,0,0,0.5,0.5,0.06,0.5,0.5,Match Report
14/09/2024,15:00,Matchweek 4,Sat,Home,D,2,2,Leicester City,2,19,3,15.8,0.05,0.33,15.4,1,1,1,2.5,1.7,0.09,-0.5,-0.7,Match Report
21/09/2024,17:30,Matchweek 5,Sat,Home,D,0,0,Manchester Utd,0,9,4,44.4,0,0,14.6,0,0,0,1,1,0.12,-1,-1,Match Report
28/09/2024,15:00,Matchweek 6,Sat,Away,L,1,2,Everton,1,17,4,23.5,0.06,0.25,17.3,1,0,0,0.9,0.9,0.06,0.1,0.1,Match Report
05/10/2024,12:30,Matchweek 7,Sat,Home,L,0,1,Liverpool,0,9,5,55.6,0,0,21.9,0,0,0,0.6,0.6,0.07,-0.6,-0.6,Match Report
21/10/2024,20:00,Matchweek 8,Mon,Away,L,0,1,Nott'ham Forest,0,20,7,35,0,0,21.1,0,0,0,1,1,0.05,-1,-1,Match Report
27/10/2024,14:00,Matchweek 9,Sun,Home,W,1,0,Tottenham,1,14,6,42.9,0.07,0.17,19.6,1,0,0,0.8,0.8,0.06,0.2,0.2,Match Report
02/11/2024,17:30,Matchweek 10,Sat,Away,D,2,2,Wolves,2,19,6,31.6,0.11,0.33,13.3,0,0,0,2.4,2.4,0.13,-0.4,-0.4,Match Report
09/11/2024,15:00,Matchweek 11,Sat,Home,L,0,2,Fulham,0,13,4,30.8,0,0,17.1,0,0,0,1.5,1.5,0.12,-1.5,-1.5,Match Report
23/11/2024,15:00,Matchweek 12,Sat,Away,D,2,2,Aston Villa,2,13,6,46.2,0.15,0.33,18.3,1,0,0,1.3,1.3,0.1,0.7,0.7,Match Report
30/11/2024,15:00,Matchweek 13,Sat,Home,D,1,1,Newcastle Utd,1,16,3,18.8,0.06,0.33,13.6,0,0,0,1.7,1.7,0.11,-0.7,-0.7,Match Report
03/12/2024,19:30,Matchweek 14,Tue,Away,W,1,0,Ipswich Town,1,13,3,23.1,0.08,0.33,15.2,0,0,0,1.6,1.6,0.13,-0.6,-0.6,Match Report
07/12/2024,15:00,Matchweek 15,Sat,Home,D,2,2,Manchester City,2,12,3,25,0.17,0.67,19.1,0,0,0,1.3,1.3,0.11,0.7,0.7,Match Report
15/12/2024,14:00,Matchweek 16,Sun,Away,W,3,1,Brighton,3,13,5,38.5,0.23,0.6,12.6,0,0,0,2.2,2.2,0.18,0.8,0.8,Match Report
21/12/2024,17:30,Matchweek 17,Sat,Home,L,1,5,Arsenal,1,15,6,40,0.07,0.17,16.3,0,0,0,1.6,1.6,0.11,-0.6,-0.6,Match Report
26/12/2024,15:00,Matchweek 18,Thu,Away,D,0,0,Bournemouth,0,10,4,40,0,0,19.4,0,0,0,0.4,0.4,0.04,-0.4,-0.4,Match Report
29/12/2024,15:00,Matchweek 19,Sun,Home,W,2,1,Southampton,2,19,9,47.4,0.11,0.22,17.4,2,0,0,2,2,0.11,0,0,Match Report
04/01/2025,15:00,Matchweek 20,Sat,Home,D,1,1,Chelsea,1,13,6,46.2,0.08,0.17,17,1,0,0,1.1,1.1,0.08,-0.1,-0.1,Match Report
15/01/2025,19:30,Matchweek 21,Wed,Away,W,2,0,Leicester City,2,9,4,44.4,0.22,0.5,13.3,0,0,0,1.8,1.8,0.2,0.2,0.2,Match Report
18/01/2025,15:00,Matchweek 22,Sat,Away,W,2,0,West Ham,2,11,6,54.5,0.09,0.17,21.9,0,1,1,1.3,0.5,0.05,0.7,0.5,Match Report
26/01/2025,14:00,Matchweek 23,Sun,Home,L,1,2,Brentford,1,16,5,31.3,0.06,0.2,19.5,2,0,0,1.1,1.1,0.07,-0.1,-0.1,Match Report
02/02/2025,14:00,Matchweek 24,Sun,Away,W,2,0,Manchester Utd,2,11,3,27.3,0.18,0.67,14.4,0,0,0,2.6,2.6,0.24,-0.6,-0.6,Match Report
15/02/2025,17:30,Matchweek 25,Sat,Home,L,1,2,Everton,1,17,6,35.3,0.06,0.17,18,0,0,0,1.6,1.6,0.1,-0.6,-0.6,Match Report
22/02/2025,15:00,Matchweek 26,Sat,Away,W,2,0,Fulham,1,10,5,50,0.1,0.2,16.5,1,0,0,1.3,1.3,0.13,-0.3,-0.3,Match Report
25/02/2025,19:30,Matchweek 27,Tue,Home,W,4,1,Aston Villa,4,19,6,31.6,0.21,0.67,14.6,1,0,0,4.3,4.3,0.24,-0.3,-0.3,Match Report
08/03/2025,15:00,Matchweek 28,Sat,Home,W,1,0,Ipswich Town,1,19,4,21.1,0.05,0.25,14.6,1,0,0,3.2,3.2,0.17,-2.2,-2.2,Match Report
02/04/2025,19:45,Matchweek 30,Wed,Away,D,1,1,Southampton,1,9,3,33.3,0.11,0.33,17.8,1,0,0,0.7,0.7,0.08,0.3,0.3,Match Report
05/04/2025,15:00,Matchweek 31,Sat,Home,W,2,1,Brighton,2,8,3,37.5,0.25,0.67,18.5,1,0,0,0.6,0.6,0.07,1.4,1.4,Match Report
12/04/2025,12:30,Matchweek 32,Sat,Away,L,2,5,Manchester City,2,8,3,37.5,0.25,0.67,18.2,1,0,0,1.8,1.8,0.23,0.2,0.2,Match Report
16/04/2025,19:30,Matchweek 29,Wed,Away,L,0,5,Newcastle Utd,0,10,2,20,0,0,14.8,0,0,1,2,1.2,0.12,-2,-1.2,Match Report
19/04/2025,15:00,Matchweek 33,Sat,Home,D,0,0,Bournemouth,0,5,0,0,0,,17.7,1,0,0,0.4,0.4,0.07,-0.4,-0.4,Match Report
23/04/2025,20:00,Matchweek 34,Wed,Away,D,2,2,Arsenal,2,15,4,26.7,0.13,0.5,15,0,0,0,1.7,1.7,0.12,0.3,0.3,Match Report
05/05/2025,20:00,Matchweek 35,Mon,Home,D,1,1,Nott'ham Forest,1,19,2,10.5,0,0,15.2,0,1,1,2.3,1.5,0.08,-1.3,-1.5,Match Report
11/05/2025,14:15,Matchweek 36,Sun,Away,W,2,0,Tottenham,2,23,9,39.1,0.09,0.22,15,0,0,0,3.4,3.4,0.15,-1.4,-1.4,Match Report
20/05/2025,20:00,Matchweek 37,Tue,Home,W,4,2,Wolves,4,14,10,71.4,0.29,0.4,17,1,0,0,1.7,1.7,0.12,2.3,2.3,Match Report
